{
  "version": 1,
  "author": "Maximiliano Simonazzi",
  "editor": "wokwi",
  "parts": [
    {
      "type": "wokwi-esp32-devkit-v1",
      "id": "esp",
      "top": 6.88,
      "left": -100.8,
      "attrs": { }
    },
    { "type": "board-ssd1306", "id": "oled1", "top": 108.74, "left": 77.03, "attrs": {} }
  ],
  "connections": [
    [ "esp:TX0", "$serialMonitor:RX", "", [] ],
    [ "esp:RX0", "$serialMonitor:TX", "", [] ],
    [ "oled1:SCL", "esp:22", "green", [ "v0" ] ],
    [ "oled1:SDA", "esp:21", "blue", [ "v-19.2", "h-124.73" ] ],
    [ "oled1:GND", "esp:GND.1", "black", [ "v-9.6", "h-48", "v57.6" ] ],
    [ "oled1:VCC", "esp:3V3", "red", [ "v-19.2", "h-67.05", "v67.2" ] ],
    [ "oled1:SDA", "esp:D22", "violet", [ "v0" ] ],
    [ "oled1:SCL", "esp:D21", "gold", [ "v0" ] ]
  ],
  "dependencies": {}
}